{"cameraMode":{"drawMode":0,"name":"Shaded","section":"Shading Mode"},"sceneLighting":true,"audioPlay":false,"sceneViewState":{"showFog":true,"showMaterialUpdate":false,"showSkybox":true,"showFlares":true,"showImageEffects":true,"showParticleSystems":true,"showVisualEffectGraphs":true,"m_FxEnabled":true},"in2DMode":false,"pivot":{"x":8.667267799377442,"y":5.024233341217041,"z":0.6622434854507446},"rotation":{"x":0.002015480073168874,"y":0.8765295743942261,"z":0.003673828672617674,"w":-0.4813559949398041},"size":5.707395553588867,"orthographic":false}